FID_fanwei,area,area_mm,Id,FID_xian_3,FID_hebei,diname,FID_xian_4,tid,Input_FID
0,70068.43543,46714625.9,0,2198,0,0,2206,638,637
0,50721.66897,33816136.7,0,2200,0,0,2208,611,610
0,86975.25523,57986402.66,0,2201,0,0,2209,609,608
1,134983.4438,89993461.98,1,2198,0,0,2206,638,637
1,458.3057868,305552.4681,1,2200,0,0,2208,611,610
1,46689.8954,31128153.26,1,2215,0,0,2223,666,665
2,110111.0861,73411061.11,2,2210,0,0,2218,747,746
2,192522.5707,128354797.9,2,2215,0,0,2223,666,665
2,11289.6479,7526808.256,2,2339,0,0,2347,669,668
3,100810.3751,67210277.07,3,2200,0,0,2208,611,610
3,96391.58029,64264266.58,3,2201,0,0,2209,609,608
3,6295.884362,4197466.104,3,2203,0,0,2211,599,598
4,104370.6609,69583919.63,4,2200,0,0,2208,611,610
5,21982.84473,14655962.58,5,2200,0,0,2208,611,610
5,10424.02828,6949699.654,5,2201,0,0,2209,609,608
5,34449.56416,22967524.43,5,2203,0,0,2211,599,598
5,64252.02652,42836826.08,5,2205,0,0,2213,581,580
5,192125.4649,128090047.5,5,2206,0,0,2214,580,579
5,12860.50311,8574097.423,5,2207,0,0,2215,573,572
6,2266.185463,1510865.848,6,2183,0,0,2191,506,505
6,9819.266053,6546504.678,6,2185,0,0,2193,488,487
6,102594.4942,68399749.27,6,2191,0,0,2199,457,456
6,9116.781798,6078158.424,6,2367,0,0,2375,452,451
7,53738.47692,35827442.56,7,2200,0,0,2208,611,610
7,16078.53248,10719557.61,7,2206,0,0,2214,580,579
8,113538.8736,75696367.01,8,2200,0,0,2208,611,610
8,9224.670034,6150087.512,8,2343,0,0,2351,614,613
9,9036.432916,6024589.825,9,2200,0,0,2208,611,610
9,23585.25286,15724288.08,9,2206,0,0,2214,580,579
9,99211.70219,66144441.85,9,2207,0,0,2215,573,572
9,34.74474189,23164.31942,9,2343,0,0,2351,614,613
10,191861.5578,127914100.6,10,2183,0,0,2191,506,505
10,88248.76584,58835452.19,10,2185,0,0,2193,488,487
10,285.9946731,190672.6485,10,2189,0,0,2197,463,462
10,6878.093147,4585624.701,10,2190,0,0,2198,462,461
10,46809.06282,31207602.18,10,2191,0,0,2199,457,456
10,83489.89305,55662711.7,10,2205,0,0,2213,581,580
10,34655.21132,23104629.39,10,2206,0,0,2214,580,579
10,269844.8864,179905585.7,10,2207,0,0,2215,573,572
10,233028.655,155360204.3,10,2208,0,0,2216,521,520
10,249006.3642,166012543,10,2345,0,0,2353,548,547
10,224463.4786,149649801.1,10,2352,0,0,2360,517,516
10,7204.20729,4803045,10,2359,0,0,2367,495,494
10,7912.681483,5275384.745,10,2367,0,0,2375,452,451
11,5048.81981,3366048.167,11,109,0,0,111,601,600
11,40064.34806,26710900.85,11,2200,0,0,2208,611,610
11,21.73251313,14489.06651,11,2206,0,0,2214,580,579
11,1016.246856,677531.7792,11,2207,0,0,2215,573,572
11,67857.73782,45240753.8,11,2343,0,0,2351,614,613
12,5133.771214,3422685.269,12,2359,0,0,2367,495,494
12,107438.4213,71629195.48,12,2367,0,0,2375,452,451
13,21218.72579,14146524.49,13,2200,0,0,2208,611,610
13,123345.2123,82234253.05,13,2343,0,0,2351,614,613
14,47002.44048,31336527.07,14,2198,0,0,2206,638,637
14,55282.76441,36857019.03,14,2200,0,0,2208,611,610
14,10831.6046,7221430.784,14,2215,0,0,2223,666,665
14,195022.6253,130021584.3,14,2339,0,0,2347,669,668
14,51216.00776,34145712.37,14,2343,0,0,2351,614,613
15,18255.41907,12170887.9,15,2409,0,0,2417,279,278
15,11607.99458,7739049.988,15,2411,0,0,2419,275,274
15,60003.27643,40004184.39,15,2414,0,0,2422,265,264
15,56718.39456,37814153.65,15,2415,0,0,2423,241,240
16,208800.7415,139207454.4,16,109,0,0,111,601,600
16,35098.11856,23399915.65,16,2207,0,0,2215,573,572
16,105.5206697,70350.6305,16,2339,0,0,2347,669,668
16,16749.36135,11166799.21,16,2342,0,0,2350,620,619
16,254942.9884,169970490.3,16,2343,0,0,2351,614,613
16,1061.345706,707599.1821,16,2345,0,0,2353,548,547
17,163984.1261,109328216.8,17,2339,0,0,2347,669,668
17,288.2267385,192160.7666,17,2342,0,0,2350,620,619
17,11329.69032,7553504.537,17,2343,0,0,2351,614,613
18,498.0314686,332037.5801,18,108,0,0,110,749,748
18,149634.2311,99761141.9,18,2338,0,0,2346,750,749
18,482809.3012,321888961.1,18,2339,0,0,2347,669,668
19,203543.1513,135702219,19,133,0,0,135,1280,1279
19,584689.1222,389812237.8,19,134,0,0,136,1170,1169
19,29597.58908,19732712.64,19,2085,0,0,2093,1302,1301
19,72784.52848,48525445.14,19,2087,0,0,2095,1276,1275
19,1142020.272,761384915.2,19,2088,0,0,2096,1236,1235
19,270769.7677,180522204.1,19,2089,0,0,2097,1207,1206
19,333956.6335,222648887.6,19,2090,0,0,2098,1200,1199
19,287861.3349,191917152,19,2091,0,0,2099,1195,1194
19,85718.85698,57148761.95,19,2092,0,0,2100,1136,1135
20,63780.01232,42522134.21,20,110,0,0,112,408,407
20,441.6535496,294450.4215,20,2367,0,0,2375,452,451
20,166922.1398,111286990.6,20,2371,0,0,2379,442,441
20,29180.57837,19454691.6,20,2392,0,0,2400,359,358
21,36849.46786,24567540.22,21,2403,0,0,2411,291,290
21,74135.98134,49426458.76,21,2405,0,0,2413,289,288
21,7316.120028,4877657.222,21,2406,0,0,2414,288,287
21,54188.79336,36127668.53,21,2410,0,0,2418,278,277
21,19372.77334,12915827.99,21,2411,0,0,2419,275,274
21,43040.88876,28695360.54,21,2414,0,0,2422,265,264
21,135153.0075,90106510.08,21,2415,0,0,2423,241,240
22,1535.254226,1023553.992,22,111,0,0,113,221,220
22,757.9798457,505345.1632,22,2410,0,0,2418,278,277
22,39.88993437,26594.61925,22,2412,0,0,2420,274,273
22,246375.8398,164258772.4,22,2415,0,0,2423,241,240
22,139195.2015,92801440.81,22,2416,0,0,2424,209,208
23,110180.5938,73457401.9,23,2392,0,0,2400,359,358
23,209146.9526,139438273.3,23,2396,0,0,2404,333,332
23,27960.5712,18641312.82,23,2403,0,0,2411,291,290
23,52576.84322,35052981.38,23,2405,0,0,2413,289,288
23,4963.373255,3309080.949,23,2411,0,0,2419,275,274
24,36538.2272,24360036.07,24,108,0,0,110,749,748
24,111974.6586,74653504.86,24,2337,0,0,2345,761,760
25,377722.012,251827265.4,25,2339,0,0,2347,669,668
25,206375.3707,137590459.6,25,2340,0,0,2348,634,633
25,181858.6512,121245162.8,25,2342,0,0,2350,620,619
26,76132.17489,50757321,26,108,0,0,110,749,748
26,74643.57573,49764871.94,26,2337,0,0,2345,761,760
26,435445.6642,290311624.3,26,2339,0,0,2347,669,668
26,41702.6852,27803180.22,26,2340,0,0,2348,634,633
26,7116.338639,4744462.971,26,2536,0,0,2544,713,712
27,694240.4878,462850133.2,27,111,0,0,113,221,220
27,1868.486212,1245719.757,27,2408,0,0,2416,282,281
27,193.7645835,129182.8478,27,2410,0,0,2418,278,277
27,47401.50439,31602582.98,27,2412,0,0,2420,274,273
27,56769.85892,37848464.94,27,2413,0,0,2421,272,271
27,5051.936273,3368125.913,27,2415,0,0,2423,241,240
27,67551.39768,45036516.84,27,2416,0,0,2424,209,208
28,67265.73654,44846066.55,28,2408,0,0,2416,282,281
28,34428.70126,22953615.13,28,2410,0,0,2418,278,277
28,149171.6685,99452751.41,28,2412,0,0,2420,274,273
28,151606.9879,101076378.8,28,2413,0,0,2421,272,271
29,61984.52149,41325080.48,29,2340,0,0,2348,634,633
30,612991.9645,408681742.8,30,109,0,0,111,601,600
30,9124.282923,6083159.425,30,2207,0,0,2215,573,572
30,150480.4683,100325328.2,30,2340,0,0,2348,634,633
30,23805.00766,15870798.6,30,2341,0,0,2349,623,622
30,588381.9116,392274220.5,30,2342,0,0,2350,620,619
30,5301.201217,3534310.852,30,2343,0,0,2351,614,613
30,513714.1821,342493245.2,30,2344,0,0,2352,607,606
30,180871.517,120587040.4,30,2345,0,0,2353,548,547
30,142256.4678,94842387.1,30,2346,0,0,2354,547,546
30,181050.9827,120706690.1,30,2347,0,0,2355,546,545
30,179668.6032,119785057.7,30,2348,0,0,2356,542,541
30,86288.72483,57528692.85,30,2349,0,0,2357,541,540
30,119170.8959,79451236.32,30,2352,0,0,2360,517,516
30,128721.6922,85818752.18,30,2359,0,0,2367,495,494
30,79454.35975,52972221.65,30,2367,0,0,2375,452,451
30,12298.87951,8199662.971,30,2371,0,0,2379,442,441
31,93313.72359,62212259.52,31,2340,0,0,2348,634,633
31,69878.90461,46588265.7,31,2341,0,0,2349,623,622
31,140300.0106,93538017.05,31,2344,0,0,2352,607,606
32,149597.2989,99736519.2,32,2344,0,0,2352,607,606
32,302.2076235,201481.8226,32,2349,0,0,2357,541,540
33,27776.975,18518909.23,33,2398,0,0,2406,320,319
33,954.1756801,636148.9259,33,2400,0,0,2408,316,315
33,97635.78396,65093777.17,33,2413,0,0,2421,272,271
33,29732.57149,19822705.41,33,2456,0,0,2464,271,270
33,117132.8141,78092447.16,33,2459,0,0,2467,264,263
34,334681.8989,223132422,34,111,0,0,113,221,220
34,25232.66265,16822616.19,34,2413,0,0,2421,272,271
34,114902.8872,76605754.9,34,2459,0,0,2467,264,263
34,276320.0603,184222584.2,34,2465,0,0,2473,249,248
34,50400.15745,33601784.97,34,2467,0,0,2475,231,230
35,9476.07555,6317699.569,35,79,0,0,81,671,670
35,53517.33296,35680005.89,35,2340,0,0,2348,634,633
35,8226.277442,5484459.171,35,2536,0,0,2544,713,712
35,57236.7801,38159761.29,35,2537,0,0,2545,701,700
36,46754.4853,31171215.35,36,79,0,0,81,671,670
36,381721.6621,254493832.1,36,2340,0,0,2348,634,633
36,130832.1914,87225822.04,36,2341,0,0,2349,623,622
36,226954.7162,151310709.3,36,2344,0,0,2352,607,606
36,112311.4052,74878013.85,36,2530,0,0,2538,621,620
36,131897.839,87936289.26,36,2531,0,0,2539,618,617
36,178.7784592,119191.5987,36,2534,0,0,2542,523,522
36,4848.618133,3232573.709,36,2537,0,0,2545,701,700
37,80572.21859,53717498.14,37,2456,0,0,2464,271,270
37,15571.97706,10381837.1,37,2458,0,0,2466,266,265
37,11182.94047,7455666.408,37,2459,0,0,2467,264,263
37,22755.66275,15171200.35,37,2529,0,0,2537,309,308
38,5178.534886,3452529.209,38,2456,0,0,2464,271,270
38,31793.88784,21196985.02,38,2458,0,0,2466,266,265
38,30940.99724,20628362.86,38,2459,0,0,2467,264,263
38,20077.21898,13385481.89,38,2463,0,0,2471,259,258
38,94952.37317,63304747.19,38,2464,0,0,2472,250,249
38,114288.6488,76196242.16,38,2465,0,0,2473,249,248
38,195612.4179,130414799,38,2467,0,0,2475,231,230
38,4023.379758,2682387.284,38,2468,0,0,2476,225,224
39,197228.2102,131492047.7,39,111,0,0,113,221,220
39,305869.9401,203923489.1,39,112,0,0,114,185,184
39,38210.99309,25475269.09,39,2416,0,0,2424,209,208
39,171546.4675,114370029.9,39,2467,0,0,2475,231,230
39,93361.77329,62244294.25,39,2468,0,0,2476,225,224
39,18514.47195,12343598.45,39,2469,0,0,2477,198,197
39,478347.0052,318913948.4,39,2471,0,0,2479,196,195
40,90092.02128,60064350.59,40,79,0,0,81,671,670
40,71100.53024,47402723.51,40,2530,0,0,2538,621,620
40,478.9307664,319303.1419,40,2537,0,0,2545,701,700
41,30.04987483,20034.25155,41,94,0,0,96,597,596
41,62750.00577,41835428.85,41,2532,0,0,2540,600,599
42,208090.673,138734051.7,42,94,0,0,96,597,596
42,9382.617456,6255391.058,42,2344,0,0,2352,607,606
42,20113.86055,13409910.83,42,2530,0,0,2538,621,620
42,162096.7084,108069875.5,42,2531,0,0,2539,618,617
42,63703.49366,42471119.22,42,2532,0,0,2540,600,599
42,229401.1525,152941748.3,42,2533,0,0,2541,528,527
42,373199.0182,248811785.4,42,2534,0,0,2542,523,522
43,69536.19097,46359778.52,43,78,0,0,80,392,391
43,6272.047843,4181574.297,43,2487,0,0,2495,454,453
43,68225.54845,45485973.15,43,2490,0,0,2498,450,449
43,69683.48717,46457980.9,43,2500,0,0,2508,414,413
43,103878.621,69255876.6,43,2502,0,0,2510,409,408
43,26439.9586,17627520.4,43,2504,0,0,2512,403,402
44,107113.6535,71412672.8,44,78,0,0,80,392,391
44,154949.9881,103305157.1,44,2457,0,0,2465,268,267
44,34582.02584,23055836.63,44,2458,0,0,2466,266,265
44,49398.46225,32933954.78,44,2460,0,0,2468,263,262
44,674.8762691,449940.0086,44,2461,0,0,2469,262,261
44,163606.942,109076748.2,44,2516,0,0,2524,350,349
44,368.5933815,245741.2075,44,2517,0,0,2525,342,341
44,28583.49573,19056616.61,44,2521,0,0,2529,334,333
44,46491.36709,30995794.44,44,2523,0,0,2531,331,330
44,202701.5126,135141098.4,44,2526,0,0,2534,325,324
44,22925.37586,15284348.09,44,2527,0,0,2535,319,318
44,38683.05826,25789994.94,44,2529,0,0,2537,309,308
45,110410.437,73610638.33,45,93,0,0,95,237,236
45,169938.5086,113298003.7,45,2457,0,0,2465,268,267
45,20280.87775,13521261.2,45,2458,0,0,2466,266,265
45,14314.69358,9543606.211,45,2460,0,0,2468,263,262
45,24508.18752,16339608.62,45,2461,0,0,2469,262,261
45,88594.35665,59065857.58,45,2462,0,0,2470,261,260
45,150557.8042,100376888.1,45,2463,0,0,2471,259,258
45,267.2830707,178197.6233,45,2464,0,0,2472,250,249
45,119437.0415,79628675.57,45,2466,0,0,2474,238,237
45,51932.39188,34623325.67,45,2467,0,0,2475,231,230
45,129154.6472,86107403.31,45,2468,0,0,2476,225,224
46,2842.082077,1894816.121,46,78,0,0,80,392,391
46,25191.22407,16794989.09,46,2488,0,0,2496,453,452
46,10790.15338,7193795.259,46,2490,0,0,2498,450,449
46,69015.03244,46012322.13,46,2496,0,0,2504,429,428
46,128083.0012,85392936.91,46,2502,0,0,2510,409,408
47,9959.667161,6640110.096,47,78,0,0,80,392,391
47,18235.68128,12157728.71,47,2454,0,0,2462,297,296
47,31808.24245,21206555.24,47,2455,0,0,2463,276,275
47,16319.85593,10880447.95,47,2460,0,0,2468,263,262
47,20.06722746,13378.82055,47,2496,0,0,2504,429,428
47,7194.554723,4796609.634,47,2502,0,0,2510,409,408
47,174801.4733,116540142.3,47,2516,0,0,2524,350,349
47,37207.25034,24806073.8,47,2522,0,0,2530,332,331
47,53512.00001,35676450.41,47,2523,0,0,2531,331,330
47,48268.46079,32180582.81,47,2527,0,0,2535,319,318
47,11223.50173,7482708.604,47,2528,0,0,2536,311,310
48,10269.64789,6846774.248,48,2455,0,0,2463,276,275
48,39323.38809,26216902.84,48,2460,0,0,2468,263,262
48,2460.919804,1640695.233,48,2461,0,0,2469,262,261
48,95552.28116,63704705.85,48,2462,0,0,2470,261,260
48,12081.17459,8054519.097,48,2466,0,0,2474,238,237
49,320812.3939,213885623,49,93,0,0,95,237,236
49,2879.719004,1919908.66,49,2462,0,0,2470,261,260
49,132897.4617,88602737.68,49,2466,0,0,2474,238,237
49,135844.9164,90567805.74,49,2468,0,0,2476,225,224
49,84643.09959,56431554.5,49,2469,0,0,2477,198,197
49,68638.02461,45760971.01,49,2470,0,0,2478,197,196
49,6940.131015,4626985.347,49,2471,0,0,2479,196,195
50,11719.59137,7813451.564,50,2496,0,0,2504,429,428
50,59.3991459,39601.41057,50,2502,0,0,2510,409,408
50,92809.71345,61876235.96,50,2516,0,0,2524,350,349
50,25540.04252,17027546.35,50,2522,0,0,2530,332,331
50,30129.91824,20087616.49,50,2572,0,0,2580,384,383
50,34613.52099,23076834.44,50,2575,0,0,2583,346,345
51,18862.83829,12575854.29,51,2488,0,0,2496,453,452
51,5625.350008,3750420.85,51,2489,0,0,2497,451,450
51,60274.45064,40184976.24,51,2493,0,0,2501,440,439
51,184811.9427,123214122.2,51,2496,0,0,2504,429,428
51,15044.67431,10030284.36,51,2572,0,0,2580,384,383
52,97502.6801,65005036.82,52,2454,0,0,2462,297,296
52,52827.63314,35220183.01,52,2455,0,0,2463,276,275
52,1173.37465,782288.8788,52,2527,0,0,2535,319,318
52,28706.38941,19138549.82,52,2528,0,0,2536,311,310
53,76.03967597,50695.65197,53,2454,0,0,2462,297,296
53,113676.677,75788240.55,53,2522,0,0,2530,332,331
53,6064.945413,4043499.107,53,2527,0,0,2535,319,318
53,28909.75205,19274131.69,53,2528,0,0,2536,311,310
53,39865.56155,26578369.89,53,2575,0,0,2583,346,345
54,136335.4564,90894848.8,54,2455,0,0,2463,276,275
54,594.8702307,396599.9828,54,2460,0,0,2468,263,262
54,42951.67544,28635882.02,54,2462,0,0,2470,261,260
54,2971.727328,1981250.61,54,2580,0,0,2588,230,229
55,5132.626624,3421922.17,55,2466,0,0,2474,238,237
55,69034.79424,46025497.32,55,2580,0,0,2588,230,229
56,84422.972,56284795.43,56,2572,0,0,2580,384,383
56,2546.357852,1697656.78,56,2573,0,0,2581,361,360
56,35942.65959,23962971.15,56,2575,0,0,2583,346,345
57,20012.41827,13342279.26,57,2493,0,0,2501,440,439
57,76811.52145,51210241.35,57,2572,0,0,2580,384,383
58,4.28479095,2856.670126,58,2454,0,0,2462,297,296
58,181.9751869,121322.8571,58,2573,0,0,2581,361,360
58,176112.046,117413901.1,58,2575,0,0,2583,346,345
59,84805.37831,56539745.72,59,2572,0,0,2580,384,383
60,83811.07097,55876841.01,60,2480,0,0,2488,479,478
60,26526.85777,17685456.07,60,2486,0,0,2494,455,454
60,545.879387,363937.7873,60,2489,0,0,2497,451,450
60,154042.0091,102699807.5,60,2493,0,0,2501,440,439
60,40487.31562,26992893.33,60,2569,0,0,2577,474,473
60,1660.110965,1106795.98,60,2570,0,0,2578,465,464
60,45255.33675,30171733.01,60,2572,0,0,2580,384,383
61,44807.36627,29873071.09,61,2454,0,0,2462,297,296
61,121672.3614,81118963.37,61,2455,0,0,2463,276,275
61,65456.15593,43639619.16,61,2575,0,0,2583,346,345
61,304483.1803,202998936.3,61,2577,0,0,2585,323,322
61,50700.90366,33802292.47,61,2579,0,0,2587,253,252
61,77120.33431,51416126.88,61,2580,0,0,2588,230,229
62,126570.5855,84384609.32,62,2577,0,0,2585,323,322
63,146870.5212,97918576.49,63,2572,0,0,2580,384,383
63,235014.9391,156684459.9,63,2573,0,0,2581,361,360
63,105257.9068,70175446.43,63,2574,0,0,2582,348,347
63,67387.0765,44926963.91,63,2575,0,0,2583,346,345
63,80136.46045,53426978.18,63,2577,0,0,2585,323,322
64,42911.30054,28608964.07,64,85,0,0,87,357,356
64,64028.90267,42688069.41,64,2569,0,0,2577,474,473
64,153401.2002,102272580.2,64,2570,0,0,2578,465,464
64,43720.96255,29148765.73,64,2571,0,0,2579,464,463
64,116065.1758,77380652.69,64,2572,0,0,2580,384,383
64,9390.074172,6260362.45,64,2574,0,0,2582,348,347
65,44619.13411,29747576.71,65,2577,0,0,2585,323,322
65,245708.3851,163813780.3,65,2579,0,0,2587,253,252
66,15346.26406,10231354.25,66,2574,0,0,2582,348,347
66,152446.4437,101636044,66,2576,0,0,2584,345,344
66,65542.87394,43697434.05,66,2577,0,0,2585,323,322
66,11092.56704,7395414.447,66,2579,0,0,2587,253,252
67,8763.503827,5842628.002,67,86,0,0,88,216,215
67,16337.94729,10892509.46,67,2462,0,0,2470,261,260
67,13522.47869,9015436.542,67,2466,0,0,2474,238,237
67,406648.9466,271112852.7,67,2579,0,0,2587,253,252
67,549774.1494,366534425.4,67,2580,0,0,2588,230,229
67,11953.68618,7969522.575,67,2581,0,0,2589,215,214
67,847.3637713,564937.4263,67,2583,0,0,2591,213,212
67,10253.04608,6835705.824,67,2584,0,0,2592,212,211
67,46085.91971,30725482.67,67,2585,0,0,2593,210,209
68,172311.1058,114879814.2,68,2576,0,0,2584,345,344
68,1064.238702,709527.9426,68,2578,0,0,2586,267,266
68,92864.05779,61912467.33,68,2579,0,0,2587,253,252
69,422804.7027,281883895.3,69,85,0,0,87,357,356
69,102053.9217,68039349.61,69,2574,0,0,2582,348,347
69,165981.6962,110659996.9,69,2576,0,0,2584,345,344
70,232070.6777,154721520.8,70,85,0,0,87,357,356
70,32.12887196,21420.31893,70,2568,0,0,2576,476,475
70,1735.197852,1156856.408,70,2569,0,0,2577,474,473
70,21624.16757,14416832.52,70,2570,0,0,2578,465,464
70,165034.0165,110028178.8,70,2571,0,0,2579,464,463
71,81553.29305,54371580.48,71,2470,0,0,2478,197,196
72,42730.61539,28488501.28,72,93,0,0,95,237,236
72,283.2267699,188827.2875,72,2466,0,0,2474,238,237
72,136366.9236,90915827.97,72,2470,0,0,2478,197,196
72,23076.8965,15385366.9,72,2580,0,0,2588,230,229
73,58653.81623,39104499.28,73,2470,0,0,2478,197,196
73,229788.5223,153200007.8,73,2472,0,0,2480,191,190
74,281435.5053,187633051.4,74,2448,0,0,2456,147,146
74,6414.539268,4276573.33,74,2472,0,0,2480,191,190
75,13178.17344,8785888.234,75,87,0,0,89,162,161
75,5.265053862,3510.21141,75,2466,0,0,2474,238,237
75,98398.19782,65602078.48,75,2470,0,0,2478,197,196
75,251828.4906,167894054.7,75,2472,0,0,2480,191,190
75,302559.2433,201716247.5,75,2580,0,0,2588,230,229
75,25284.8649,16857419.43,75,2585,0,0,2593,210,209
75,19406.11426,12938056.37,75,2590,0,0,2598,171,170
76,131633.498,87760053.09,76,87,0,0,89,162,161
76,226747.5062,151172562.4,76,2448,0,0,2456,147,146
76,6280.642603,4187304.423,76,2472,0,0,2480,191,190
77,37318.27102,24880091.29,77,85,0,0,87,357,356
77,15768.09194,10512586.9,77,2578,0,0,2586,267,266
78,25116.80254,16745372.25,78,85,0,0,87,357,356
78,14425.36682,9617392.057,78,2576,0,0,2584,345,344
78,414726.216,276497968.2,78,2578,0,0,2586,267,266
78,21238.44124,14159668.77,78,2579,0,0,2587,253,252
79,68600.64856,45736052.39,79,2578,0,0,2586,267,266
79,130343.0496,86899711.2,79,2586,0,0,2594,204,203
80,207235.3504,138163808.1,80,6,0,0,7,220,219
80,143805.5212,95875140.98,80,1569,0,0,1577,269,268
80,36216.40899,24145479.88,80,1595,0,0,1603,373,372
80,647.019646,431367.998,80,1597,0,0,1605,370,369
80,117059.9485,78043867.63,80,1598,0,0,1606,365,364
80,501.95588,334653.9852,80,1599,0,0,1607,355,354
80,146372.8638,97586788.26,80,1600,0,0,1608,353,352
81,8979.540427,5986659.603,81,1584,0,0,1592,482,481
81,125134.7776,83427356.25,81,1586,0,0,1594,448,447
81,79133.528,52758323.11,81,1587,0,0,1595,423,422
81,41373.15328,27583481.29,81,1588,0,0,1596,420,419
81,34419.9789,22947799.93,81,1589,0,0,1597,419,418
81,277529.6758,185029034.9,81,1590,0,0,1598,418,417
81,19650.96497,13101298.35,81,1593,0,0,1601,375,374
82,76190.20399,50796009,82,1614,0,0,1622,644,643
83,61643.08633,41097445.66,83,1614,0,0,1622,644,643
84,189692.3343,126467879.2,84,1614,0,0,1622,644,643
85,37366.37043,24912159.17,85,1603,0,0,1611,628,627
85,18475.37564,12317532.94,85,1614,0,0,1622,644,643
86,22469.52332,14980431.2,86,1602,0,0,1610,640,639
86,22932.47384,15289080.31,86,1603,0,0,1611,628,627
86,66620.86887,44416133.27,86,1614,0,0,1622,644,643
87,42020.52262,28015082.43,87,1602,0,0,1610,640,639
87,139072.9403,92719929.29,87,1614,0,0,1622,644,643
88,83181.75452,55457275.74,88,1604,0,0,1612,556,555
88,71904.31173,47938604.63,88,1605,0,0,1613,554,553
89,50316.96166,33546318.34,89,1603,0,0,1611,628,627
90,35569.78038,23714372.58,90,1602,0,0,1610,640,639
90,62260.53694,41509099.98,90,1603,0,0,1611,628,627
91,114113.9805,76079790.77,91,1602,0,0,1610,640,639
92,232907.9702,155279743.8,92,1606,0,0,1614,683,682
92,21534.94452,14357347.51,92,1607,0,0,1615,682,681
92,1903.807606,1269268.531,92,1609,0,0,1617,679,678
92,76564.53859,51045577.87,92,1610,0,0,1618,678,677
92,94898.05008,63268529.99,92,1611,0,0,1619,659,658
92,4051.133629,2700890.791,92,1612,0,0,1620,658,657
93,833485.7749,555684966.1,93,41,0,0,43,439,438
93,373.5223919,249027.3787,93,258,0,0,260,368,367
93,59164.53009,39444992.21,93,1345,0,0,1353,294,293
93,1867283.958,1244918215,93,1351,0,0,1359,481,480
93,1140425.082,760321401.9,93,1352,0,0,1360,443,442
93,705991.3871,470684457.8,93,1353,0,0,1361,360,359
93,382772.499,255194425.1,93,1354,0,0,1362,326,325
93,504339.018,336242823.3,93,1355,0,0,1363,312,311
93,1055157.83,703473725.3,93,1365,0,0,1373,559,558
93,164.8967247,109936.6463,93,1366,0,0,1374,552,551
93,369471.5792,246326701.8,93,1367,0,0,1375,550,549
93,49560.52362,33042001.1,93,1368,0,0,1376,538,537
93,44538.56974,29693864.44,93,1369,0,0,1377,537,536
94,225622.6843,150422643.6,94,231,0,0,233,1421,1420
94,141157.1344,94109461.48,94,1410,0,0,1418,1291,1290
94,277739.6784,185169043.6,94,1412,0,0,1420,1431,1430
94,131555.9527,87708353.65,94,1413,0,0,1421,1341,1340
94,30791.98676,20529017.58,94,1414,0,0,1422,1330,1329
94,307712.7118,205152065,94,1527,0,0,1535,1414,1413
94,64833.39475,43224424.28,94,1528,0,0,1536,1384,1383
95,126488.1131,84329625,95,149,0,0,151,1453,1452
95,222453.3513,148309649.3,95,1979,0,0,1987,1463,1462
95,67114.07568,44744954.26,95,1980,0,0,1988,1461,1460
95,107587.2911,71728446.94,95,1982,0,0,1990,1458,1457
95,376369.5603,250925585.9,95,1986,0,0,1994,1420,1419
95,24133.64682,16089902.34,95,1990,0,0,1998,1375,1374
96,140885.1423,93928124.4,96,62,0,0,64,1582,1581
96,78217.84781,52147839.13,96,1972,0,0,1980,1503,1502
96,744304.68,496227930.2,96,1979,0,0,1987,1463,1462
96,238471.782,158989137.1,96,1980,0,0,1988,1461,1460
96,166.6610252,111112.9055,96,1982,0,0,1990,1458,1457
96,15490.92318,10327798.48,96,2002,0,0,2010,1567,1566
96,326678.649,217796655.3,96,2003,0,0,2011,1561,1560
96,881408.1504,587634813.9,96,2011,0,0,2019,1516,1515
96,592302.3641,394887986.1,96,2078,0,0,2086,1565,1564
96,154008.3492,102677366.4,96,2080,0,0,2088,1547,1546
97,522.5844864,348407.0771,97,132,0,0,134,1573,1572
97,2874.075342,1916146.03,97,2078,0,0,2086,1565,1564
97,78490.69304,52329745.05,97,2079,0,0,2087,1562,1561
97,853826.8613,569246368.4,97,2080,0,0,2088,1547,1546
97,25928.43217,17286485.73,97,2081,0,0,2089,1499,1498
98,100116.0262,66747354.7,98,2079,0,0,2087,1562,1561
98,11167.64043,7445465.876,98,2080,0,0,2088,1547,1546
98,77603.61158,51738327.84,98,2081,0,0,2089,1499,1498
99,2623917.704,1749365933,99,3,0,0,4,1395,1394
99,11897.43944,7932022.874,99,69,0,0,71,1317,1316
99,1149339.651,766264745.4,99,1979,0,0,1987,1463,1462
99,474955.0926,316652560.2,99,1986,0,0,1994,1420,1419
99,58025.86418,38685843.65,99,1990,0,0,1998,1375,1374
99,286753.889,191178817.8,99,1991,0,0,1999,1370,1369
99,263457.1065,175646852.9,99,2080,0,0,2088,1547,1546
99,1231295.722,820904857.9,99,2081,0,0,2089,1499,1498
99,548528.1274,365703702.6,99,2082,0,0,2090,1334,1333
99,147871.3902,98585855.85,99,2083,0,0,2091,1311,1310
99,27507.82873,18339469.42,99,2084,0,0,2092,1310,1309
99,632007.568,421359445.6,99,2085,0,0,2093,1302,1301
99,228868.2285,152586447.9,99,2086,0,0,2094,1282,1281
100,60309.17753,40208128.66,100,62,0,0,64,1582,1581
100,197931.6713,131961045.3,100,1827,0,0,1835,1571,1570
100,32.39037379,21594.66221,100,1999,0,0,2007,1614,1613
100,276789.3482,184535458.4,100,2000,0,0,2008,1613,1612
100,400261.9283,266854627.6,100,2001,0,0,2009,1586,1585
100,168748.6256,112504708.7,100,2002,0,0,2010,1567,1566
100,4093.862315,2729378.006,100,2004,0,0,2012,1555,1554
101,93994.30294,62666001.77,101,1997,0,0,2005,1632,1631
101,221970.1412,147987493.2,101,1998,0,0,2006,1616,1615
101,23216.88391,15478696.51,101,1999,0,0,2007,1614,1613
101,36496.8512,24332450.69,101,2023,0,0,2031,1663,1662
101,26358.13937,17572971.52,101,2024,0,0,2032,1660,1659
101,53766.76076,35846299.4,101,2025,0,0,2033,1647,1646
101,152398.6562,101604184.1,101,2026,0,0,2034,1637,1636
102,15840.92865,10561147.13,102,1997,0,0,2005,1632,1631
102,93391.61362,62264188.8,102,1998,0,0,2006,1616,1615
102,31033.43645,20689992.08,102,2070,0,0,2078,1633,1632
102,24348.3297,16233031.41,102,2071,0,0,2079,1628,1627
103,13939.45726,9293436.154,103,1997,0,0,2005,1632,1631
103,78770.14036,52516052.58,103,2024,0,0,2032,1660,1659
103,54215.02416,36145156.61,103,2070,0,0,2078,1633,1632
103,1878.585878,1252453.205,103,2071,0,0,2079,1628,1627
104,13123.30279,8749305.969,104,1998,0,0,2006,1616,1615
104,9497.022779,6331665.087,104,2024,0,0,2032,1660,1659
104,69598.05848,46401025.59,104,2066,0,0,2074,1665,1664
104,3326.533385,2217799.808,104,2067,0,0,2075,1652,1651
104,1921.613419,1281139.667,104,2070,0,0,2078,1633,1632
104,208482.2321,138995104.1,104,2071,0,0,2079,1628,1627
104,14592.77612,9729003.838,104,2074,0,0,2082,1598,1597
105,339488.8401,226337209.7,105,62,0,0,64,1582,1581
105,20264.03338,13510031.06,105,1979,0,0,1987,1463,1462
105,472788.8917,315208354.1,105,1998,0,0,2006,1616,1615
105,12352.93198,8235699.753,105,1999,0,0,2007,1614,1613
105,9250.047917,6167006.946,105,2000,0,0,2008,1613,1612
105,2049.143053,1366163.673,105,2001,0,0,2009,1586,1585
105,183141.4024,122100373,105,2003,0,0,2011,1561,1560
105,11285.88999,7524302.858,105,2074,0,0,2082,1598,1597
105,90930.51967,60623377.47,105,2077,0,0,2085,1585,1584
105,1094604.625,729772903.6,105,2078,0,0,2086,1565,1564
106,82365.34233,54912973.73,106,2024,0,0,2032,1660,1659
106,213660.4206,142447402.4,106,2064,0,0,2072,1685,1684
106,88387.68591,58928070.19,106,2066,0,0,2074,1665,1664
107,2510.936134,1674041.12,107,2061,0,0,2069,1712,1711
107,70341.8578,46896916.6,107,2062,0,0,2070,1710,1709
107,48542.63778,32363376.61,107,2064,0,0,2072,1685,1684
108,19657.74002,13105815.27,108,2066,0,0,2074,1665,1664
108,80074.90935,53385942.07,108,2067,0,0,2075,1652,1651
108,25254.92312,16837457.24,108,2068,0,0,2076,1651,1650
108,28258.49894,18839941.24,108,2069,0,0,2077,1646,1645
108,34896.02097,23265177.18,108,2071,0,0,2079,1628,1627
108,6819.017277,4546238.819,108,2072,0,0,2080,1627,1626
108,146599.0166,97737564.35,108,2073,0,0,2081,1624,1623
108,110261.6537,73511444.55,108,2074,0,0,2082,1598,1597
109,53903.16775,35937241.94,109,2064,0,0,2072,1685,1684
109,149554.3158,99707862.37,109,2066,0,0,2074,1665,1664
109,9659.679176,6440108.106,109,2067,0,0,2075,1652,1651
109,32935.42744,21958049.48,109,2068,0,0,2076,1651,1650
110,95851.54858,63904227.44,110,2061,0,0,2069,1712,1711
110,126701.9638,84472199.26,110,2062,0,0,2070,1710,1709
110,27900.82152,18601477.71,110,2064,0,0,2072,1685,1684
110,2.508452239,1672.385108,110,2066,0,0,2074,1665,1664
111,159680.6709,106459103.3,111,2016,0,0,2024,1719,1718
111,201964.9718,134650046.7,111,2058,0,0,2066,1747,1746
111,478542.3573,319044189.6,111,2059,0,0,2067,1744,1743
111,27412.39548,18275844.07,111,2060,0,0,2068,1743,1742
111,153458.2895,102310641.6,111,2061,0,0,2069,1712,1711
111,127565.3061,85047789.59,111,2062,0,0,2070,1710,1709
111,61876.62777,41253147.73,111,2064,0,0,2072,1685,1684
112,81643.42333,54431670.34,112,2077,0,0,2085,1585,1584
112,35435.54536,23624878.09,112,2078,0,0,2086,1565,1564
113,5265.040573,3510202.55,113,2074,0,0,2082,1598,1597
113,72677.56085,48454129.82,113,2076,0,0,2084,1595,1594
113,61404.05787,40938085.38,113,2077,0,0,2085,1585,1584
114,90632.86049,60424928.09,114,2072,0,0,2080,1627,1626
114,27316.72642,18212061.5,114,2073,0,0,2081,1624,1623
114,38902.34069,25936190.54,114,2074,0,0,2082,1598,1597
114,88920.36892,59283209.96,114,2076,0,0,2084,1595,1594
115,214858.2776,143246013.7,115,132,0,0,134,1573,1572
115,72011.81081,48010274.27,115,2075,0,0,2083,1596,1595
115,39162.95931,26109944.97,115,2076,0,0,2084,1595,1594
115,39314.0521,26210678.54,115,2077,0,0,2085,1585,1584
115,1057.67202,705149.9356,115,2078,0,0,2086,1565,1564
115,6575.594602,4383948.921,115,2079,0,0,2087,1562,1561
115,354.2805838,236198.8652,115,2080,0,0,2088,1547,1546
116,250042.8721,166703582.8,116,131,0,0,133,1695,1694
116,238015.3717,158684848.3,116,2058,0,0,2066,1747,1746
116,332.1991173,221477.1515,116,2059,0,0,2067,1744,1743
116,351424.8428,234294942.7,116,2060,0,0,2068,1743,1742
116,324270.0061,216190813,116,2061,0,0,2069,1712,1711
116,49051.42945,32702588.01,116,2062,0,0,2070,1710,1709
116,15.00588957,10004.42657,116,2064,0,0,2072,1685,1684
116,16742.93717,11162516.21,116,2066,0,0,2074,1665,1664
116,71305.52171,47539391.32,116,2068,0,0,2076,1651,1650
116,533986.5389,356008825.5,116,2069,0,0,2077,1646,1645
116,199310.7862,132880501.2,116,2072,0,0,2080,1627,1626
116,169.0374365,112697.2589,116,2073,0,0,2081,1624,1623
116,161039.4589,107365007.3,116,2075,0,0,2083,1596,1595
116,25118.79306,16746699.33,116,2076,0,0,2084,1595,1594
117,65816.17394,43879643.17,117,1827,0,0,1835,1571,1570
117,5896.306487,3931067.535,117,2002,0,0,2010,1567,1566
117,48845.48826,32565287.02,117,2004,0,0,2012,1555,1554
118,305987.1171,204001611,118,2058,0,0,2066,1747,1746
119,275981.8136,183997075.1,119,1399,0,0,1407,1213,1212
119,47795.08439,31864982.76,119,1537,0,0,1545,1265,1264
120,160875.3576,107255600.9,120,1399,0,0,1407,1213,1212
120,168435.8353,112296171.4,120,1401,0,0,1409,1188,1187
120,17499.64722,11667014.8,120,1544,0,0,1552,1198,1197
121,364.8551392,243248.9213,121,218,0,0,220,1118,1117
121,1311247.635,874208798.3,121,219,0,0,221,842,841
121,31894.43071,21264016.95,121,220,0,0,222,716,715
121,277277.3807,184860829.7,121,229,0,0,231,855,854
121,1485212.507,990191178.5,121,1382,0,0,1390,923,922
121,650203.6037,433490742.6,121,1384,0,0,1392,838,837
121,242183.1104,161463479.7,121,1386,0,0,1394,809,808
121,988.3616604,658940.719,121,1387,0,0,1395,799,798
121,546041.5946,364045931.1,121,1396,0,0,1404,1012,1011
121,149544.8053,99701521.7,121,1397,0,0,1405,1007,1006
121,306180.1369,204130297.2,121,1398,0,0,1406,988,987
121,1277262.013,851550584.2,121,1547,0,0,1555,950,949
121,152227.9096,101490347.3,121,1548,0,0,1556,914,913
121,1136862.962,757946536.6,121,1549,0,0,1557,798,797
121,88030.43644,58689891.98,121,1550,0,0,1558,778,777
121,719355.8386,479594537.6,121,1551,0,0,1559,773,772
121,591806.5115,394557401.2,121,1552,0,0,1560,769,768
121,230671.5963,153788753.3,121,1553,0,0,1561,757,756
121,225374.537,150257203.8,121,1554,0,0,1562,751,750
121,105846.5937,70567924.05,121,1555,0,0,1563,730,729
121,95154.04032,63439198.68,121,1556,0,0,1564,728,727
122,500429.767,333636525.6,122,256,0,0,258,726,725
122,165970.5847,110652588.8,122,841,0,0,849,774,773
122,347627.6206,231763334.7,122,845,0,0,853,753,752
122,138651.6848,92439078.23,122,849,0,0,857,702,701
122,59377.11908,39586725.29,122,850,0,0,858,697,696
122,64865.22174,43245643.34,122,853,0,0,861,690,689
122,62959.95828,41975404.19,122,942,0,0,950,786,785
122,11353.90737,7569650.045,122,945,0,0,953,781,780
122,123341.2786,82231630.44,122,947,0,0,955,779,778
122,88025.38079,58686521.37,122,1307,0,0,1315,815,814
122,148667.3153,99116499.13,122,1308,0,0,1316,794,793
122,46249.69777,30834673.5,122,1309,0,0,1317,789,788
122,467168.6852,311461362.4,122,1310,0,0,1318,782,781
122,300985.4725,200667014.5,122,1311,0,0,1319,772,771
122,674093.2741,449417985.9,122,1312,0,0,1320,758,757
122,403463.9162,268989392.9,122,1313,0,0,1321,733,732
122,560033.4969,373374332.4,122,1314,0,0,1322,721,720
122,258088.1471,172067367.7,122,1316,0,0,1324,707,706
122,1606.705905,1071190.827,122,1317,0,0,1325,699,698
123,86512.89104,57678144.46,123,38,0,0,40,1245,1244
123,82377.71356,54921221.63,123,39,0,0,41,1060,1059
123,606296.9697,404218189.7,123,230,0,0,232,1181,1180
123,16014.00203,10676535.15,123,1267,0,0,1275,1238,1237
123,32032.83667,21356292.21,123,1273,0,0,1281,1168,1167
123,224180.4863,149461130.2,123,1280,0,0,1288,1109,1108
123,177056.8038,118043771.1,123,1389,0,0,1397,1105,1104
123,607854.0686,405256307.5,123,1390,0,0,1398,1104,1103
123,224281.8087,149528681.9,123,1391,0,0,1399,1103,1102
123,4671.215116,3114299.118,123,1392,0,0,1400,1098,1097
123,1348366.361,898955853.1,123,1393,0,0,1401,1069,1068
123,19078.90221,12719904.1,123,1396,0,0,1404,1012,1011
123,5378.361075,3585753.329,123,1397,0,0,1405,1007,1006
123,496711.7447,331157720.2,123,1398,0,0,1406,988,987
123,172476.3061,114989953.3,123,1399,0,0,1407,1213,1212
123,913373.0566,608945816.9,123,1400,0,0,1408,1201,1200
123,1195198.328,796838725.3,123,1401,0,0,1409,1188,1187
123,184229.8673,122826052.5,123,1402,0,0,1410,1172,1171
123,309952.8642,206645574.6,123,1403,0,0,1411,1165,1164
123,106832.9823,71225549.29,123,1404,0,0,1412,1158,1157
123,1353779.745,902564955.9,123,1405,0,0,1413,1156,1155
123,2778.83123,1852646.781,123,1544,0,0,1552,1198,1197
124,4019.606274,2679871.503,124,38,0,0,40,1245,1244
124,2302.648367,1535175.666,124,230,0,0,232,1181,1180
124,148793.6009,99200693.69,124,1267,0,0,1275,1238,1237
124,86000.04841,57336232.27,124,1270,0,0,1278,1228,1227
124,556508.1685,371023995.9,124,1273,0,0,1281,1168,1167
124,1019.575964,679751.2953,124,1279,0,0,1287,1114,1113
124,82545.18243,55032873.13,124,1280,0,0,1288,1109,1108
124,179.3331266,119561.3955,124,1400,0,0,1408,1201,1200
124,637976.0451,425338629.3,124,1404,0,0,1412,1158,1157
125,73036.71556,48693578.27,125,1357,0,0,1365,610,609
125,414.7663058,276524.6961,125,1379,0,0,1387,653,652
126,76269.98051,50849196.01,126,228,0,0,230,579,578
126,220866.3137,147251571.4,126,1357,0,0,1365,610,609
126,300311.1372,200217435.2,126,1361,0,0,1369,593,592
126,29496.39403,19665245.9,126,1362,0,0,1370,592,591
126,13328.85675,8886348.793,126,1364,0,0,1372,590,589
126,46637.98043,31093541.56,126,1376,0,0,1384,693,692
126,183470.9242,122320065.2,126,1378,0,0,1386,689,688
126,153920.3324,102618685.6,126,1379,0,0,1387,653,652
126,231013.0359,154016391,126,1380,0,0,1388,652,651
126,400330.5496,266900377.4,126,1381,0,0,1389,649,648
127,62369.32864,41581631.4,127,40,0,0,42,712,711
127,39450.2457,26301478.8,127,1357,0,0,1365,610,609
127,20826.94586,13885324.81,127,1378,0,0,1386,689,688
127,399310.4897,266220303.5,127,1379,0,0,1387,653,652
128,200543.6655,133702461.8,128,229,0,0,231,855,854
128,7.897639737,5265.356413,128,1382,0,0,1390,923,922
128,21.57594197,14384.68051,128,1385,0,0,1393,827,826
128,3700.085631,2466847.09,128,1387,0,0,1395,799,798
128,77108.55696,51408274.92,128,1398,0,0,1406,988,987
129,379131.159,252766743.7,129,40,0,0,42,712,711
129,600545.0328,400383373.3,129,1311,0,0,1319,772,771
129,146637.7085,97763360.26,129,1313,0,0,1321,733,732
129,36849.43174,24567516.14,129,1315,0,0,1323,710,709
129,736113.5576,490766908.9,129,1370,0,0,1378,767,766
129,60441.00891,40296020.64,129,1371,0,0,1379,739,738
129,256011.9556,170683170.8,129,1373,0,0,1381,735,734
129,1974.737121,1316557.239,129,1374,0,0,1382,714,713
129,417442.2702,278308761.5,129,1375,0,0,1383,705,704
129,45435.46009,30291821.24,129,1376,0,0,1384,693,692
129,265283.7585,176864681.8,129,1377,0,0,1385,691,690
129,59037.55625,39360338.75,129,1378,0,0,1386,689,688
129,1602.92312,1068668.844,129,1387,0,0,1395,799,798
129,83475.14469,55652878.96,129,1388,0,0,1396,797,796
130,74955.49566,49972828.95,130,1387,0,0,1395,799,798
131,12549.81472,8366961.471,131,1384,0,0,1392,838,837
131,90631.29247,60423882.69,131,1386,0,0,1394,809,808
131,70240.72371,46829490.5,131,1387,0,0,1395,799,798
131,772.5099181,515032.3624,131,1388,0,0,1396,797,796
132,101195.0792,67466759.31,132,1386,0,0,1394,809,808
133,248710.1482,165815055.8,133,1393,0,0,1401,1069,1068
133,162940.4667,108632409.1,133,1396,0,0,1404,1012,1011
133,69721.23771,46483149.18,133,1397,0,0,1405,1007,1006
133,36797.88476,24533149.77,133,1398,0,0,1406,988,987
134,256025.7777,170692386,134,228,0,0,230,579,578
134,594377.5111,396271486.7,134,1356,0,0,1364,625,624
134,466153.8531,310784773.9,134,1357,0,0,1365,610,609
134,353261.6109,235519516,134,1358,0,0,1366,598,597
134,75757.87199,50507773.25,134,1359,0,0,1367,596,595
134,54039.29993,36028001.27,134,1360,0,0,1368,594,593
134,10011.46619,6674644.51,134,1361,0,0,1369,593,592
134,1499.681115,999837.3993,134,1362,0,0,1370,592,591
134,11067.60435,7378771.823,134,1363,0,0,1371,591,590
134,69527.68941,46354110.53,134,1364,0,0,1372,590,589
134,1957.513921,1305074.531,134,1365,0,0,1373,559,558
134,49492.83112,32996870.51,134,1379,0,0,1387,653,652
134,53289.98046,35528429.97,134,1558,0,0,1566,657,656
135,302694.8509,201806657.1,135,40,0,0,42,712,711
135,7859.096426,5239659.587,135,1356,0,0,1364,625,624
135,188103.8961,125408867.5,135,1371,0,0,1379,739,738
135,564916.5368,376629855.1,135,1372,0,0,1380,736,735
135,32940.27485,21961281.24,135,1373,0,0,1381,735,734
135,647207.9613,431493547.8,135,1374,0,0,1382,714,713
135,35210.14343,23474602.62,135,1379,0,0,1387,653,652
135,108439.78,72296801.31,135,1386,0,0,1394,809,808
135,87.25824801,58175.07395,135,1387,0,0,1395,799,798
135,73894.16141,49265237.41,135,1388,0,0,1396,797,796
135,29677.21682,19785800.45,135,1549,0,0,1557,798,797
135,228836.9083,152565566.7,135,1558,0,0,1566,657,656
136,1993590.089,1329126512,136,38,0,0,40,1245,1244
136,251567.9546,167720355.3,136,231,0,0,233,1421,1420
136,7821.063618,5214303.114,136,1262,0,0,1270,1263,1262
136,4560.47745,3040470.316,136,1264,0,0,1272,1250,1249
136,60617.16295,40413462.54,136,1266,0,0,1274,1242,1241
136,71691.15869,47796495.5,136,1267,0,0,1275,1238,1237
136,428960.3245,285987848.4,136,1399,0,0,1407,1213,1212
136,101378.9784,67589364.89,136,1400,0,0,1408,1201,1200
136,95379.07378,63589228.49,136,1406,0,0,1414,1322,1321
136,58823.98198,39217948.78,136,1407,0,0,1415,1320,1319
136,400941.5303,267307718.3,136,1408,0,0,1416,1303,1302
136,1132840.983,755265083.1,136,1409,0,0,1417,1301,1300
136,1277905.121,851979344,136,1410,0,0,1418,1291,1290
136,457934.7742,305305114,136,1413,0,0,1421,1341,1340
136,433546.041,289045145.5,136,1414,0,0,1422,1330,1329
136,24304.31207,16203684.85,136,1533,0,0,1541,1288,1287
136,401.1722556,267461.5428,136,1534,0,0,1542,1287,1286
136,22489.03544,14993439.93,136,1535,0,0,1543,1286,1285
136,98735.99494,65827287.83,136,1536,0,0,1544,1281,1280
136,716123.3969,477439468.7,136,1537,0,0,1545,1265,1264
137,263380.3349,175595669.3,137,1393,0,0,1401,1069,1068
137,188480.1761,125659733.4,137,1396,0,0,1404,1012,1011
138,5003.686967,3335958.101,138,217,0,0,219,1173,1172
138,460028.8445,306701230.7,138,218,0,0,220,1118,1117
138,1335422.721,890326328.2,138,1393,0,0,1401,1069,1068
138,145907.4307,97276484.04,138,1396,0,0,1404,1012,1011
138,15388.6818,10259634.16,138,1401,0,0,1409,1188,1187
138,119963.5825,79979720.43,138,1544,0,0,1552,1198,1197
138,38221.29371,25482136.52,138,1547,0,0,1555,950,949
139,1629333.776,1086276828,139,220,0,0,222,716,715
139,82845.88585,55233352.1,139,221,0,0,223,577,576
139,13246.38311,8831363.619,139,228,0,0,230,579,578
139,406023.2475,270695699.1,139,1356,0,0,1364,625,624
139,47157.38723,31439830.07,139,1358,0,0,1366,598,597
139,6058.945258,4039498.803,139,1359,0,0,1367,596,595
139,2123.43563,1415694.535,139,1365,0,0,1373,559,558
139,191035.0403,127363061.4,139,1372,0,0,1380,736,735
139,130409.8954,86944277.29,139,1374,0,0,1382,714,713
139,89302.83006,59538196.8,139,1549,0,0,1557,798,797
139,194765.9116,129850433.2,139,1551,0,0,1559,773,772
139,255555.6718,170378966.4,139,1555,0,0,1563,730,729
139,91055.34827,60706600.69,139,1556,0,0,1564,728,727
139,610674.7272,407136840.6,139,1557,0,0,1565,711,710
139,1307815.446,871920557.8,139,1558,0,0,1566,657,656
139,635974.5962,424004263.3,139,1559,0,0,1567,612,611
139,71657.57393,47774104.54,139,1614,0,0,1622,644,643
140,30788.29306,20526554.98,140,1556,0,0,1564,728,727
140,30615.66179,20411461.72,140,1557,0,0,1565,711,710
141,1150.230806,766858.8782,141,377,0,0,385,771,770
141,160544.7897,107035211.3,141,380,0,0,388,732,731
141,133771.5038,89185461.61,141,794,0,0,802,820,819
141,121115.6517,80747804.98,141,796,0,0,804,805,804
141,186526.396,124357148.2,141,801,0,0,809,745,744
141,280392.1084,186937418.7,141,805,0,0,813,686,685
141,57329.71225,38221719.15,141,811,0,0,819,665,664
141,411193.7224,274142854.7,141,812,0,0,820,663,662
141,802219.4156,534839684.4,141,814,0,0,822,586,585
142,216255.2386,144177367.6,142,12,0,0,13,692,691
142,897250.7507,598197075.5,142,288,0,0,290,576,575
142,326720.8733,217824806.3,142,289,0,0,291,407,406
142,2486.84343,1657978.515,142,795,0,0,803,814,813
142,168419.2524,112285115.6,142,796,0,0,804,805,804
142,160157.3978,106776937.1,142,797,0,0,805,803,802
142,66668.42837,44447841.19,142,798,0,0,806,793,792
142,426125.6984,284098003.1,142,799,0,0,807,791,790
142,326304.5606,217547250.5,142,800,0,0,808,763,762
142,1073910.476,715976114.2,142,801,0,0,809,745,744
142,114390.329,76264032.31,142,802,0,0,810,720,719
142,53542.67822,35696903.57,142,804,0,0,812,687,686
142,350006.0324,233349021.8,142,805,0,0,813,686,685
142,77351.17029,51570025.23,142,806,0,0,814,681,680
142,72531.9128,48357026.27,142,809,0,0,817,674,673
142,158855.6427,105909057,142,810,0,0,818,672,671
142,187167.2846,124784428.6,142,811,0,0,819,665,664
142,316478.7948,210996412.5,142,812,0,0,820,663,662
142,388558.3763,259051869.5,142,813,0,0,821,622,621
142,1492447.682,995014869.5,142,814,0,0,822,586,585
142,342886.9373,228602721.1,142,815,0,0,823,540,539
142,607805.8795,405224179.9,142,816,0,0,824,514,513
142,158112.271,105413451.1,142,817,0,0,825,491,490
142,1399.712367,933188.2353,142,818,0,0,826,489,488
142,252466.5234,168319431.1,142,819,0,0,827,475,474
142,72206.12402,48139822.88,142,840,0,0,848,775,774
143,22709.23207,15140245.02,143,289,0,0,291,407,406
143,3106.154546,2070873.236,143,818,0,0,826,489,488
143,74126.25961,49419977.28,143,819,0,0,827,475,474
144,189821.0452,126553690.8,144,289,0,0,291,407,406
145,410872.435,273928652.4,145,23,0,0,25,723,722
145,117230.319,78157453.71,145,797,0,0,805,803,802
145,252176.8088,168126278.4,145,800,0,0,808,763,762
145,379863.828,253255214.2,145,827,0,0,835,642,641
145,40765.13853,27178117.86,145,828,0,0,836,641,640
145,34181.24813,22788638.13,145,838,0,0,846,777,776
145,110346.9056,73568281.97,145,839,0,0,847,776,775
145,97192.64832,64798338.64,145,840,0,0,848,775,774
145,113082.1428,75391864.62,145,841,0,0,849,774,773
145,647311.8664,431562821.3,145,842,0,0,850,764,763
145,196634.2897,131096080.9,145,843,0,0,851,755,754
145,148673.9956,99120952.85,145,844,0,0,852,754,753
145,229469.5187,152987328.1,145,845,0,0,853,753,752
145,175936.8432,117297093.3,145,846,0,0,854,743,742
145,368308.7563,245551447.8,145,847,0,0,855,717,716
145,614592.325,409748703.1,145,848,0,0,856,708,707
145,141044.9376,94034659.9,145,849,0,0,857,702,701
145,556.9188194,371297.7769,145,850,0,0,858,697,696
145,126373.2311,84253033.17,145,851,0,0,859,696,695
145,624484.5685,416343861.8,145,852,0,0,860,694,693
145,2971.152689,1980867.498,145,853,0,0,861,690,689
145,346225.3566,230828445.2,145,854,0,0,862,662,661
145,729824.6286,486574079.9,145,855,0,0,863,660,659
145,13939.97644,9293782.292,145,917,0,0,925,834,833
145,2886.278379,1924281.795,145,920,0,0,928,828,827
145,6613.188034,4409012.463,145,928,0,0,936,817,816
145,42.28153934,28189.10228,145,929,0,0,937,816,815
145,3147.331897,2098326.176,145,930,0,0,938,813,812
145,103660.8994,69110721.64,145,932,0,0,940,810,809
145,36438.4942,24293544.09,145,935,0,0,943,804,803
145,21354.34505,14236941.84,145,936,0,0,944,802,801
145,128824.8976,85887559.24,145,937,0,0,945,800,799
145,41832.3645,27889637.41,145,938,0,0,946,796,795
145,56847.32496,37900111.55,145,939,0,0,947,795,794
145,146976.1387,97988991.65,145,940,0,0,948,792,791
145,222472.8953,148322679.3,145,941,0,0,949,787,786
145,62917.45145,41947064.88,145,942,0,0,950,786,785
145,142444.989,94968074.16,145,943,0,0,951,785,784
145,154209.5241,102811489.7,145,944,0,0,952,784,783
145,133426.6849,88955570.82,145,945,0,0,953,781,780
145,233642.5047,155769457.9,145,946,0,0,954,780,779
145,916.7159919,611174.5518,145,947,0,0,955,779,778
146,287937.8644,191968174.2,146,12,0,0,13,692,691
146,523646.7667,349115299.4,146,288,0,0,290,576,575
146,104188.1821,69462260.97,146,800,0,0,808,763,762
146,46897.24094,31266390.54,146,801,0,0,809,745,744
146,430148.1293,286779757.8,146,802,0,0,810,720,719
146,370775.8974,247196290.8,146,803,0,0,811,719,718
146,72043.05888,48031107.35,146,804,0,0,812,687,686
146,34504.43305,23004105.51,146,806,0,0,814,681,680
146,476281.6166,317536953.8,146,807,0,0,815,677,676
146,18404.46108,12270254.2,146,808,0,0,816,675,674
146,2066.924754,1378018.734,146,809,0,0,817,674,673
146,255785.7894,170532385.8,146,810,0,0,818,672,671
146,954277.3028,636216677.8,146,813,0,0,821,622,621
146,21351.80166,14235246.17,146,815,0,0,823,540,539
146,210891.534,140601385.8,146,848,0,0,856,708,707
146,19574.6765,13050436.82,146,856,0,0,864,647,646
147,254214.5996,169484873.5,147,262,0,0,264,570,569
147,33861.86166,22575703.17,147,288,0,0,290,576,575
147,304083.2755,202732319.8,147,807,0,0,815,677,676
147,54888.60988,36594236.21,147,813,0,0,821,622,621
147,218632.6843,145762410.6,147,815,0,0,823,540,539
147,95762.05845,63844564.37,147,827,0,0,835,642,641
147,634878.6387,423273588.4,147,828,0,0,836,641,640
147,51249.28349,34167897.3,147,837,0,0,845,530,529
147,210544.5023,140370019.7,147,848,0,0,856,708,707
147,1108025.751,738720767.9,147,856,0,0,864,647,646
148,256781.324,171196108.7,148,22,0,0,24,480,479
148,348155.6816,232115392.9,148,262,0,0,264,570,569
148,14455.79876,9637681.033,148,289,0,0,291,407,406
148,301222.1121,200824782.2,148,815,0,0,823,540,539
148,47912.94562,31943560.85,148,817,0,0,825,491,490
148,536162.8936,357459801.2,148,818,0,0,826,489,488
148,106097.3131,70735078.63,148,819,0,0,827,475,474
148,66488.96483,44328192.85,148,831,0,0,839,564,563
148,139734.7249,93161141.11,148,832,0,0,840,545,544
148,70821.50173,47216695.2,148,833,0,0,841,543,542
148,947868.2572,631943767.1,148,836,0,0,844,535,534
148,822018.3617,548039641.8,148,837,0,0,845,530,529
149,149655.3599,99775228.43,149,262,0,0,264,570,569
149,238060.9459,158715232.6,149,827,0,0,835,642,641
149,273705.6285,182479542.5,149,829,0,0,837,575,574
149,13661.92104,9108402.755,149,830,0,0,838,568,567
149,125798.8557,83870097.1,149,854,0,0,862,662,661
149,198413.8222,132282495.2,149,855,0,0,863,660,659
149,7624.071304,5082968.339,149,1323,0,0,1331,585,584
150,67835.88347,45226183.51,150,262,0,0,264,570,569
150,575643.5263,383781539,150,829,0,0,837,575,574
150,108444.7843,72300137.69,150,830,0,0,838,568,567
150,43960.50853,29308471.03,150,831,0,0,839,564,563
150,13469.25287,8979950.891,150,832,0,0,840,545,544
150,101939.9345,67963354.33,150,833,0,0,841,543,542
150,107977.9051,71988869.31,150,834,0,0,842,539,538
150,20.20526803,13470.8522,150,1323,0,0,1331,585,584
151,332908.5917,221950158.1,151,261,0,0,263,240,239
152,736221.3591,490838780.1,152,261,0,0,263,240,239
152,69626.9429,46420282.83,152,820,0,0,828,270,269
152,28689.25135,19127123.88,152,821,0,0,829,256,255
152,104359.1678,69576257.14,152,822,0,0,830,255,254
152,76152.30834,50770743.97,152,823,0,0,831,245,244
152,76643.64398,51098317.44,152,824,0,0,832,243,242
153,6323.268629,4215723.195,153,850,0,0,858,697,696
153,17169.63948,11446998.64,153,851,0,0,859,696,695
153,165459.2976,110311713.7,153,853,0,0,861,690,689
153,355271.1484,236859274.7,153,854,0,0,862,662,661
153,7.713388431,5142.516067,153,1321,0,0,1329,605,604
154,115995.514,77334209.16,154,854,0,0,862,662,661
154,127363.2226,84913060.53,154,1321,0,0,1329,605,604
154,60007.62939,40007086.51,154,1323,0,0,1331,585,584
155,13879.33432,9253352.189,155,853,0,0,861,690,689
155,217000.814,144674442.7,155,854,0,0,862,662,661
155,20426.89061,13618607.97,155,1321,0,0,1329,605,604
156,212810.8285,141880979.3,156,853,0,0,861,690,689
156,2264.483081,1509730.87,156,854,0,0,862,662,661
156,7416.207504,4944385.543,156,1314,0,0,1322,721,720
157,47338.72529,31560728.15,157,853,0,0,861,690,689
157,56101.41275,37402811.88,157,854,0,0,862,662,661
157,9664.848137,6443554.253,157,1318,0,0,1326,651,650
157,106800.8384,71204118.96,157,1321,0,0,1329,605,604
158,99052.85988,66038541.68,158,853,0,0,861,690,689
158,100217.2825,66814862.21,158,1314,0,0,1322,721,720
158,209.305037,139543.6682,158,1318,0,0,1326,651,650
159,88851.2578,59237133.57,159,256,0,0,258,726,725
159,290.7518047,193844.2282,159,853,0,0,861,690,689
159,57977.24934,38653432.13,159,1314,0,0,1322,721,720
159,4317.932677,2878765.716,159,1317,0,0,1325,699,698
159,83647.73759,55767946.65,159,1318,0,0,1326,651,650
160,177080.9986,118059901.8,160,1318,0,0,1326,651,650
160,63159.92207,42108720.05,160,1320,0,0,1328,635,634
160,41867.35951,27912968.59,160,1321,0,0,1329,605,604
161,2082074.702,1388119204,161,22,0,0,24,480,479
161,1216473.915,811023159.1,161,258,0,0,260,368,367
161,34334.32248,22890692.8,161,261,0,0,263,240,239
161,1218691.453,812501591.8,161,289,0,0,291,407,406
161,84246.17999,56166928.2,161,818,0,0,826,489,488
161,10189.23204,6793161.004,161,819,0,0,827,475,474
161,2194974.656,1463389603,161,820,0,0,828,270,269
161,77838.90594,51895198.59,161,821,0,0,829,256,255
161,148928.4649,99290607.53,161,822,0,0,830,255,254
161,272543.1669,181704529.4,161,823,0,0,831,245,244
161,816759.4332,544533514.1,161,825,0,0,833,324,323
161,1073256.595,715540172.2,161,826,0,0,834,317,316
161,207.612165,138415.0304,161,832,0,0,840,545,544
161,145117.5532,96749872.72,161,833,0,0,841,543,542
161,90865.57538,60580079.11,161,834,0,0,842,539,538
161,383445.8995,255643381.2,161,835,0,0,843,536,535
161,3703.730989,2469277.45,161,836,0,0,844,535,534
161,48198.32289,32133821.87,161,1325,0,0,1333,549,548
161,532675.5747,355134805.6,161,1326,0,0,1334,544,543
161,1180537.028,787064036.8,161,1327,0,0,1335,529,528
161,546371.0056,364265549.4,161,1328,0,0,1336,372,371
161,483795.0612,322546167.3,161,1329,0,0,1337,369,368
161,59913.87714,39944581.89,161,1330,0,0,1338,366,365
161,2012.873884,1341983.018,161,1331,0,0,1339,301,300
161,317546.2056,211708055.3,161,1351,0,0,1359,481,480
161,13104.09072,8736497.286,161,1355,0,0,1363,312,311
161,20.23146312,13488.31646,161,1366,0,0,1374,552,551
161,59783.97997,39857979.45,161,1369,0,0,1377,537,536
162,379885.5537,253269698.7,162,257,0,0,259,584,583
162,56955.21821,37972043.98,162,829,0,0,837,575,574
162,118305.2176,78874088.59,162,834,0,0,842,539,538
162,122833.532,81893115.79,162,835,0,0,843,536,535
162,7271.20009,4847709.1,162,1318,0,0,1326,651,650
162,2572.684781,1715208.944,162,1319,0,0,1327,643,642
162,759348.5377,506257670.1,162,1320,0,0,1328,635,634
162,605909.4626,403959838.7,162,1321,0,0,1329,605,604
162,589211.3045,392827176.7,162,1322,0,0,1330,604,603
162,464887.676,309940613.6,162,1323,0,0,1331,585,584
162,253854.3956,169244725.6,162,1324,0,0,1332,583,582
162,388203.9877,258815598.6,162,1325,0,0,1333,549,548
162,211423.3569,140955952,162,1326,0,0,1334,544,543
162,279455.173,186312763.8,162,1327,0,0,1335,529,528
162,150606.5376,100409378.6,162,1366,0,0,1374,552,551
162,1113.718015,742515.8003,162,1369,0,0,1377,537,536
163,2279.06684,1519453.862,163,256,0,0,258,726,725
163,26739.2864,17827082.24,163,1316,0,0,1324,707,706
163,248948.612,165974039.6,163,1317,0,0,1325,699,698
163,474918.1439,316627926.5,163,1318,0,0,1326,651,650
163,50009.19549,33341130.64,163,1319,0,0,1327,643,642
163,68078.78414,45388125.39,163,1320,0,0,1328,635,634
164,22869.27216,15246943.75,164,1366,0,0,1374,552,551
164,22.67494957,15117.38888,164,1367,0,0,1375,550,549
164,44409.66683,29607924.87,164,1368,0,0,1376,538,537
164,264410.9249,176282763.6,164,1369,0,0,1377,537,536
165,165614.5491,110415219.9,165,1313,0,0,1321,733,732
165,265135.9461,176766135.3,165,1315,0,0,1323,710,709
165,38949.60519,25967701.78,165,1316,0,0,1324,707,706
165,7881.083553,5254318.405,165,1317,0,0,1325,699,698
165,40773.05427,27183395.28,165,1375,0,0,1383,705,704
165,4586.589986,3057879.544,165,1376,0,0,1384,693,692
166,253015.1866,168685224.9,166,228,0,0,230,579,578
166,67745.01097,45165598.82,166,1315,0,0,1323,710,709
166,166320.1317,110885631.8,166,1317,0,0,1325,699,698
166,155217.1194,103483253.5,166,1318,0,0,1326,651,650
166,400110.13,266753423.7,166,1319,0,0,1327,643,642
166,339345.6784,226241763.8,166,1320,0,0,1328,635,634
166,159655.6799,106442441.8,166,1361,0,0,1369,593,592
166,250346.1656,166905788.6,166,1365,0,0,1373,559,558
166,696252.3001,464191408.5,166,1366,0,0,1374,552,551
166,568870.9344,379266251.9,166,1367,0,0,1375,550,549
166,3264.238116,2176267.552,166,1375,0,0,1383,705,704
166,151911.9612,101279704.5,166,1376,0,0,1384,693,692
166,650309.4952,433561340.5,166,1381,0,0,1389,649,648
167,31136.08183,20758425.76,167,228,0,0,230,579,578
167,142454.3987,94974347.61,167,1365,0,0,1373,559,558
168,86224.69798,57486006.14,168,231,0,0,233,1421,1420
168,97105.09347,64739965.82,168,1411,0,0,1419,1455,1454
169,41174.47716,27451023.92,169,793,0,0,801,840,839
169,21652.95027,14436021.95,169,794,0,0,802,820,819
169,79021.77215,52683815.5,169,795,0,0,803,814,813
169,261317.4426,174220339,169,796,0,0,804,805,804
169,66513.63296,44344639.09,169,797,0,0,805,803,802
169,86588.59213,57728614.37,169,798,0,0,806,793,792
169,105652.8389,70438747.71,169,799,0,0,807,791,790
170,118780.6103,79191032.91,170,2191,0,0,2199,457,456
170,17152.60663,11435642.84,170,2194,0,0,2202,401,400
170,33485.68346,22324905.16,170,2195,0,0,2203,344,343
170,20035.01048,13357341.49,170,2367,0,0,2375,452,451
170,249370.5471,166255343.8,170,2371,0,0,2379,442,441
170,4233.362887,2822383.037,170,2392,0,0,2400,359,358
170,178834.9796,119229280.9,170,2396,0,0,2404,333,332
171,380393.7749,253608529.7,171,2210,0,0,2218,747,746
171,14780.0553,9853862.87,171,2215,0,0,2223,666,665
171,74407.7144,49607623.19,171,2338,0,0,2346,750,749
171,361873.3499,241260962.4,171,2339,0,0,2347,669,668
172,58090.80119,38729137.15,172,2183,0,0,2191,506,505
172,93715.89431,62480386.74,172,2185,0,0,2193,488,487
172,3213.610503,2142514.122,172,2188,0,0,2196,483,482
172,232.8409919,155235.0893,172,2189,0,0,2197,463,462
172,116664.6483,77780321,172,2198,0,0,2206,638,637
172,42671.1641,28448865.11,172,2199,0,0,2207,637,636
172,115775.928,77187811.21,172,2201,0,0,2209,609,608
172,117607.7359,78409077.49,172,2203,0,0,2211,599,598
172,1603.562929,1069095.405,172,2204,0,0,2212,589,588
172,159128.8063,106091175.2,172,2205,0,0,2213,581,580
172,147382.1172,98259657.56,172,2208,0,0,2216,521,520
173,193492.7807,129001636.9,173,94,0,0,96,597,596
173,221639.7989,147767253.9,173,2475,0,0,2483,503,502
173,46902.22424,31269712.9,173,2477,0,0,2485,494,493
173,137366.5598,91582285.4,173,2480,0,0,2488,479,478
173,38637.9341,25759910.67,173,2486,0,0,2494,455,454
173,87708.64913,58475356.37,173,2488,0,0,2496,453,452
173,14374.37323,9583394.634,173,2489,0,0,2497,451,450
173,427738.0041,285172927.4,173,2533,0,0,2541,528,527
173,153223.6431,102154202.9,173,2535,0,0,2543,520,519
174,493055.1192,328719848,174,2440,0,0,2448,114,113
174,6257.37423,4171791.399,174,2443,0,0,2451,99,98
174,141790.548,94531758.36,174,2450,0,0,2458,139,138
174,258.1866733,172133.0551,174,2451,0,0,2459,138,137
174,83833.56902,55891840.47,174,2452,0,0,2460,131,130
174,577390.9816,384946567.4,174,2453,0,0,2461,130,129
174,1524.384027,1016306.831,174,2594,0,0,2602,111,110
175,96757.9905,64508552.27,175,77,0,0,79,146,145
175,59138.57366,39427687.06,175,2449,0,0,2457,141,140
175,54986.66095,36659606.85,175,2450,0,0,2458,139,138
175,16131.30931,10754743.92,175,2471,0,0,2479,196,195
176,176361.0726,117579927.1,176,86,0,0,88,216,215
176,751566.9251,501069668.9,176,2578,0,0,2586,267,266
176,282613.3569,188418325,176,2579,0,0,2587,253,252
176,8910.938388,5940922.623,176,2581,0,0,2589,215,214
176,864.0998216,576095.3511,176,2583,0,0,2591,213,212
176,6223.241279,4149034.96,176,2584,0,0,2592,212,211
176,7604.500958,5069920.788,176,2585,0,0,2593,210,209
176,445460.9028,296988783.9,176,2586,0,0,2594,204,203
177,67928.55797,45287969.6,177,77,0,0,79,146,145
177,39267.61674,26179720.08,177,86,0,0,88,216,215
177,1011919.953,674647032.8,177,87,0,0,89,162,161
177,839206.5149,559498983.5,177,2448,0,0,2456,147,146
177,340041.689,226705794,177,2452,0,0,2460,131,130
177,51868.30377,34580598.13,177,2470,0,0,2478,197,196
177,227170.3485,151454471.4,177,2472,0,0,2480,191,190
177,148863.9751,99247612.19,177,2580,0,0,2588,230,229
177,6575.552069,4383920.564,177,2581,0,0,2589,215,214
177,36928.19533,24620027.82,177,2582,0,0,2590,214,213
177,2412.389998,1608340.412,177,2583,0,0,2591,213,212
177,48490.32206,32328497.72,177,2584,0,0,2592,212,211
177,856633.8938,571117817,177,2585,0,0,2593,210,209
177,9412.290209,6275173.882,177,2589,0,0,2597,181,180
177,706336.9287,470914830.3,177,2590,0,0,2598,171,170
177,38626.45106,25752254.92,177,2591,0,0,2599,163,162
177,123446.4199,82301728.14,177,2592,0,0,2600,136,135
177,822527.262,548378925.6,177,2593,0,0,2601,123,122
177,938587.3438,625756182.1,177,2594,0,0,2602,111,110
178,21218.82217,14146588.74,178,2440,0,0,2448,114,113
178,9324.603695,6216713.284,178,2443,0,0,2451,99,98
178,120904.9795,80607349.86,178,2452,0,0,2460,131,130
178,34688.92866,23127108.74,178,2453,0,0,2461,130,129
178,63037.62418,42027184.04,178,2594,0,0,2602,111,110
179,78836.95772,52560599.71,179,1584,0,0,1592,482,481
179,511145.4417,340780666,179,1585,0,0,1593,478,477
179,52173.69113,34784199.88,179,1587,0,0,1595,423,422
179,170961.61,113980105.4,179,1595,0,0,1603,373,372
180,479654.8381,319785880.5,180,1614,0,0,1622,644,643
181,77668.90689,51781860.23,181,1557,0,0,1565,711,710
181,26819.24838,17880392.9,181,1602,0,0,1610,640,639
181,88183.54466,58791969.23,181,1611,0,0,1619,659,658
181,199820.3685,133220239.7,181,1614,0,0,1622,644,643
182,3141.415289,2094381.573,182,199,0,0,201,555,554
182,317235.7366,211501065.6,182,1603,0,0,1611,628,627
183,500581.3069,333737557.3,183,199,0,0,201,555,554
183,46949.98818,31301557.12,183,1604,0,0,1612,556,555
183,15491.00243,10327851.32,183,1605,0,0,1613,554,553
184,9936.493939,6624660.509,184,192,0,0,194,740,739
184,210676.1278,140457774.4,184,200,0,0,202,854,853
184,540189.8913,360144600.5,184,1690,0,0,1698,768,767
184,79133.76452,52758480.8,184,1691,0,0,1699,756,755
184,10978.28798,7319224.593,184,1692,0,0,1700,752,751
184,756288.1884,504217335.2,184,1693,0,0,1701,748,747
184,49949.09906,33301064.34,184,1694,0,0,1702,742,741
185,27520.16461,18347693.75,185,1410,0,0,1418,1291,1290
185,302549.2225,201709566.7,185,1528,0,0,1536,1384,1383
185,251604.08,167744440.1,185,1533,0,0,1541,1288,1287
186,402275.331,268196963.2,186,2085,0,0,2093,1302,1301
186,570762.6846,380527481.8,186,2086,0,0,2094,1282,1281
186,800656.6605,533797795.6,186,2087,0,0,2095,1276,1275
186,498824.8022,332566495.6,186,2088,0,0,2096,1236,1235
186,154726.4024,103156092.5,186,2090,0,0,2098,1200,1199
187,614888.304,409946032.3,187,1999,0,0,2007,1614,1613
187,189560.0921,126379713.4,187,2000,0,0,2008,1613,1612
187,93005.94381,62007062.74,187,2016,0,0,2024,1719,1718
187,160823.4044,107220963.7,187,2021,0,0,2029,1671,1670
187,380097.0159,253410680.5,187,2023,0,0,2031,1663,1662
187,17512.44147,11675544.73,187,2024,0,0,2032,1660,1659
187,137396.537,91602271.2,187,2025,0,0,2033,1647,1646
187,250868.9888,167254354.8,187,2026,0,0,2034,1637,1636
187,266582.9559,177730856.7,187,2064,0,0,2072,1685,1684
188,25721.45392,17148493.33,188,217,0,0,219,1173,1172
188,356975.5726,237995614.2,188,218,0,0,220,1118,1117
188,1181.754252,787875.5599,188,1543,0,0,1551,1199,1198
188,185622.3813,123754441.6,188,1544,0,0,1552,1198,1197
189,128518.0752,85683000.7,189,1533,0,0,1541,1288,1287
189,45727.08184,30486245.46,189,1534,0,0,1542,1287,1286
189,73.76277151,49177.63977,189,1535,0,0,1543,1286,1285
189,328208.7497,218816773.4,189,1536,0,0,1544,1281,1280
189,96882.99607,64591893.48,189,1537,0,0,1545,1265,1264
190,1396.561226,931087.3692,190,1410,0,0,1418,1291,1290
190,66874.31706,44585107.18,190,1533,0,0,1541,1288,1287
190,10301.87993,6868263.35,190,1534,0,0,1542,1287,1286
190,10597.79422,7065549.407,190,1535,0,0,1543,1286,1285
190,73796.57822,49200178.7,190,1536,0,0,1544,1281,1280
190,76412.79715,50944411.86,190,1537,0,0,1545,1265,1264
191,243681.953,162462758.1,191,2003,0,0,2011,1561,1560
191,10836.1721,7224475.936,191,2004,0,0,2012,1555,1554
191,25279.08107,16853563.35,191,2005,0,0,2013,1543,1542
191,83990.59554,55996530.04,191,2011,0,0,2019,1516,1515
192,46763.28012,31177078.85,192,2074,0,0,2082,1598,1597
192,178649.3117,119105496.1,192,2077,0,0,2085,1585,1584
192,91501.19868,61003849.16,192,2078,0,0,2086,1565,1564
193,13734.1202,9156537.936,193,2002,0,0,2010,1567,1566
193,6251.544913,4167904.994,193,2003,0,0,2011,1561,1560
193,69983.54029,46658026.31,193,2004,0,0,2012,1555,1554
193,12435.28291,8290603.114,193,2005,0,0,2013,1543,1542
